Title,Description,Standard,Industry,Uploaded
VAVE Initiative for Manufacturing Cost Optimization,"This proposal focuses on implementing a VAVE (Value Analysis / Value Engineering) approach to reduce production costs while maintaining product quality and performance. The project will analyze the current manufacturing process, identify components or materials that can be optimized, and propose design improvements. Expected outcomes include cost savings, increased efficiency, and enhanced product value for end-users.",vave,automotive,2025-09-17
Design and Implementation of a Solar-Powered DC-DC Converter,"This project focuses on designing a highly efficient DC-DC converter for solar power systems. The converter will step up or step down the voltage from photovoltaic panels to match the load requirements while minimizing energy loss. The proposal includes simulation, hardware prototyping, and performance testing to ensure reliability and efficiency in real-world applications.",npi,powerelectronics,2025-09-17
vave engineering,,vave,automotive,2025-10-09
"""From Innovation to Obsolescence: The Lifecycle of Technology""","Obsolescence is the decline in value or usefulness of an item, system, or technology because it has been replaced by something more efficient or modern, or because it no longer meets current needs or standards.",obsolescence,mechanical,2025-10-10
"Product Development: Turning Ideas into Market-Ready Solutions""","Product development is the process of designing, creating, testing, and launching new products or improving existing ones to meet customer needs. It involves stages such as concept design, prototyping, testing, and production planning.",npi,All industries,2025-10-10
"Firmware: The Bridge Between Hardware and Software""","Firmware is a specialized software embedded into hardware devices to control their functions. It provides low-level control for the device’s specific hardware. Updates to firmware improve performance, fix bugs, or add new features.",compliance,powerelectronics,2025-10-10
verification&validation ,Verification and Validation ensure that a product meets its design specifications (verification) and fulfills user needs (validation). It is a critical step in maintaining product quality and compliance with industry standards.,compliance,All industries,2025-10-10
Value Analysis / Value Engineering,"VAVE focuses on improving a product’s value by optimizing cost, performance, and quality without compromising functionality. It identifies unnecessary costs and enhances design efficiency.",reengineering,All industries,2025-10-10
Re-engineering,"Re-engineering involves redesigning or modifying existing products or processes to improve performance, reduce cost, or adapt to new technology or standards.",npi,electrical,2025-10-10
Standard for Interconnection),"IEEE 1547 is a standard for interconnecting distributed energy resources (DERs) — like solar panels, inverters, and energy storage systems — to the electric power grid. It defines performance, operation, testing, and safety requirements.",IEEE 1547,powerelectronics,2025-10-10
Developing a new electric scooter from design concept to market-ready product.,"Product Development is a systematic process used to transform an idea into a market-ready product. It includes several stages such as concept design, feasibility study, prototyping, testing, manufacturing, and market launch. The process integrates mechanical, electrical, and software design for modern mechatronic products.",npi,All industries,2025-10-10
Firmware for an EV Battery Management System (BMS) that monitors and controls cell voltages and temperature.,"Firmware is the embedded software programmed into microcontrollers or processors that controls device operations at the hardware level. Firmware development involves coding in C/C++ or Assembly, integrating drivers, communication protocols (CAN, SPI, I2C, UART), and ensuring reliability through testing and debugging tools.",All standards,All industries,2025-10-10
Validating an airbag control module to ensure correct deployment timing during a crash test.,"V&V ensures that a product is built right (verification) and is the right product (validation).

Verification: Confirms the product meets design requirements (via reviews, simulations, testing).

Validation: Confirms the product meets user and operational needs (field testing, functional checks).

These processes ensure safety, reliability, and regulatory compliance, especially in critical systems.",npi,All industries,2025-10-10
product developement,"
Process of designing and launching new product Smart motor controller
",npi,All industries,2025-10-10
Product Development ,"Description: Systematic process to design, engineer, prototype, and launch new products. It ensures that the product meets customer needs, market requirements, and regulatory standards. Includes mechanical, electrical, and software integration.",npi,All industries,2025-10-10
Smart Motor Controller Development,Design and develop an intelligent motor controller that optimizes energy usage using adaptive algorithms.,npi,powerelectronics,2025-10-16
Cost Optimization of EV Battery Cooling System,Apply Value Analysis and Value Engineering (VAVE) to minimize material costs while maintaining thermal efficiency.,vave,automotive,2025-10-16
Firmware Validation Framework for Embedded Systems,Create a test automation framework to validate embedded firmware across multiple hardware platforms.,compliance,semiconductor,2025-10-16
IoT-based Predictive Maintenance Firmware,"Develop firmware that collects sensor data to predict failures in industrial motors, enhancing uptime.",reengineering,electrical,2025-10-16
Obsolescence Management of Power Converters,Identify and replace obsolete components in legacy converter systems while ensuring compliance with IEEE 1547.,IEEE 1547,powerelectronics,2025-10-16
Design Re-engineering of Mechanical Actuator Assembly,Re-engineer an actuator mechanism to improve performance and manufacturability,reengineering,mechanical,2025-10-16
VAVE Implementation in Semiconductor Packaging,Optimize the IC packaging process to reduce cost per unit and improve throughput.,vave,semiconductor,2025-10-16
Verification of Autonomous Vehicle Sensors,Develop validation procedures and automated test benches for LiDAR and radar modules.,compliance,automotive,2025-10-16
Firmware Upgrade for Legacy Control Systems,Migrate outdated firmware to modern microcontrollers ensuring compatibility and performance.,obsolescence,electrical,2025-10-16
Standardization of Inverter Control under IEEE 1547,Implement standardized control algorithms to ensure compliance with IEEE 1547 for grid-tied inverters.,IEEE 1547,powerelectronics,2025-10-16
Smart Power Converter Design,Develop a high-efficiency power converter with integrated monitoring for industrial applications.,npi,powerelectronics,2025-10-16
Electric Vehicle Charger Module,Design and prototype a modular EV charger with adaptive load balancing and fast-charging support.,npi,automotive,2025-10-16
Advanced Semiconductor Cooling Unit,Develop a thermal management solution for high-power semiconductor devices using liquid cooling.,reengineering,semiconductor,2025-10-16
Compact Mechanical Actuator System,Design a lightweight and efficient actuator for robotic arms and automation systems.,npi,mechanical,2025-10-16
Energy-Efficient Inverter Design,Create a new inverter topology for solar energy applications with improved efficiency.,IEEE 1547,electrical,2025-10-16
Material Optimization in EV Drivetrains,Reduce drivetrain cost by re-evaluating material composition without performance loss.,vave,automotive,2025-10-16
Cost Reduction in PCB Manufacturing,Apply VAVE techniques to minimize PCB manufacturing costs while maintaining reliability.,vave,semiconductor,2025-10-16
Lightweight Mechanical Chassis Redesign,Re-engineer mechanical chassis using composite materials for weight reduction.,vave,mechanical,2025-10-16
Optimization of Industrial Power Supply Units,Redesign PSU components to reduce cost and enhance thermal performance.,vave,electrical,2025-10-16
Low-Cost Embedded Sensor Development,Create cost-effective sensors for monitoring automotive components using VAVE principles.,vave,automotive,2025-10-16
Automated Firmware Testing Framework,Develop an automation framework for regression testing of embedded firmware.,compliance,semiconductor,2025-10-16
Power Electronics System Validation,Build a validation environment for high-voltage converters ensuring IEEE 1547 compliance.,IEEE 1547,powerelectronics,2025-10-16
Verification of Mechanical Load Sensors,Validate sensor accuracy under dynamic load conditions using test automation tools.,compliance,mechanical,2025-10-16
Validation of Battery Management Systems,Design test cases and validation methods for EV battery management systems.,compliance,automotive,2025-10-16
Verification of Grid Synchronization Modules,Verify control firmware in grid-tied systems for compliance with IEEE 1547.,IEEE 1547,electrical,2025-10-16
Real-Time Firmware for Power Converters,Develop low-latency firmware to control DC-DC converters efficiently.,reengineering,powerelectronics,2025-10-16
Over-the-Air Firmware Update System,Implement secure OTA update functionality for IoT-enabled automotive devices.,compliance,automotive,2025-10-16
Component Lifecycle Management in Power Systems,Identify and replace obsolete ICs in converter control boards.,obsolescence,powerelectronics,2025-10-16
Redesign of Legacy Automotive Control Units,Re-engineer outdated automotive ECUs using modern microcontrollers.,reengineering,automotive,2025-10-16
Compact Mechanical Actuator System,"
Design a lightweight and efficient actuator for robotic arms and automation systems.",npi,mechanical,2025-10-16
Energy-Efficient Inverter Design,Create a new inverter topology for solar energy applications with improved efficiency.,IEEE 1547,electrical,2025-10-16
VAVE in Semiconductor Obsolescence Replacement,Use VAVE methodology to find cost-efficient alternatives for obsolete semiconductor components.,obsolescence,semiconductor,2025-10-16
Mechanical Fixture Optimization,Improve mechanical fixture durability while reducing material usage.,reengineering,mechanical,2025-10-16
VAVE-Based Cost Reduction for Power Modules,Optimize component selection and design to reduce costs in power module manufacturing.,vave,powerelectronics,2025-10-16
VAVE Implementation in Sensor Packaging,Apply VAVE principles to reduce packaging costs of MEMS sensors.,vave,semiconductor,2025-10-16
